Documento,Asunto,Dirigido a,Fecha,Descarga
Oficio-001-2020-COC-19-C,SOLICITA FIRMA DE CONVENIO ENTRE EL GOBIERNO REGIONAL CUSCO E INDUSTRIAS CACHIMAYO S.A.,Industrias Cachimayo S.A,07/07/2020,http://rstudio.com
Oficio-002-2020-COC-19-C,ENCARGA ELABORACIÓN DE PLAN COVID PARA LA PROVINCIA DE LA CONVENCIÓN,Dirección Regional de Salud Cusco,08/07/2020,http://rstudio.com
Oficio-003-2020-COC-19-C,ENCARGA PRESIDENCIA DE COMISIÓN PARA EL INVENTARIADO DE EQUIPOS Y EL PLAN DE IMPLEMENTACIÓN EN ÁREAS DE CUIDADOS CRÍTICOS DE ESTABLECIMIENTOS DE SALUD,Dirección Regional de Salud Cusco,08/07/2020,http://rstudio.com
Oficio-004-2020-COC-19-C,ENCARGA PRESIDENCIA DE COMISIÓN PARA EVALUACIÓN DE PROPUESTAS DE MECANISMOS DE INCENTIVOS AL PERSONAL DE SALUD,Dirección Regional de Salud Cusco,08/07/2020,http://rstudio.com
Oficio-005-2020-COC-19-C,ENCARGA ELABORAR PLAN DE INTERVENCIÓN PARA IMPLEMENTAR 300 CAMAS DE CUIDADOS INTERMEDIOS EN LOS ANILLOS DE SICUANI, URUBAMBA, ANTA, MEGANTONI, QUILLABAMBA Y CENTROS DE SALUD QUE SE ENCUENTREN DEFINIDOS COMO ANILLOS DE CONTENCIÓN COVID,Dirección Regional de Salud Cusco,10/07/2020,http://rstudio.com
Oficio-006-2020-COC-19-C,SOLICITA PRESENTACIÓN DE CRONOGRAMA DE INVERSIONES OPTIMIZADO EN EL MARCO DE LA PANDEMIA,Gerencia Regional de Infraestructura - Gobierno Regional Cusco,09/07/2020,http://rstudio.com
Oficio-007-2020-COC-19-C,SOLICITA RESPUESTA A SITUACIONES REPORTADAS,Dirección Regional de Salud Cusco,09/07/2020,http://rstudio.com
Oficio-008-2020-COC-19-C,REMITE MODIFICACIONES A DECRETO REGIONAL DEL COMANDO DE OPERACIONES REGIONAL COVID-19,Gobierno Regional Cusco,09/07/2020,http://rstudio.com
Oficio-009-2020-COC-19-C,REMITE CARTAS DE AGRADECIMIENTO POR LABOR REALIZADA,Colegio Médico del Cusco,10/07/2020,http://rstudio.com
Oficio-010-2020-COC-19-C,SOLICITA AUTORIZACIÓN Y LA GESTIÓN PARA EMISIÓN DE DECRETO REGIONAL PARA CUARENTENA EN PROVINCIA DE LA CONVENCIÓN,Gobierno Regional Cusco,13/07/2020,http://rstudio.com
Oficio-011-2020-COC-19-C,SOLICITA REMITIR PETICIÓN DE LA RED DE SERVICIOS DE SALUD LA CONVENCIÓN PARA EL RETORNO DEL M.C. CARLOS TORRES HUARCAYA . EMERGENCIÓLOGO,Gobierno Regional Cusco,13/07/2020,http://rstudio.com
Oficio-012-2020-COC-19-C,ENCARGA ELABORACIÓN DE PLAN DE GESTIÓN DE LA INFORMACIÓN,Dirección Regional de Salud Cusco,13/07/2020,http://rstudio.com
Oficio-013-2020-COC-19-C,ENCARGA ELABORACIÓN DE PLAN DE GESTIÓN DE RECURSOS HUMANOS DE UNIDADES INTENSIVAS Y UNIDADES CRÍTICAS,Dirección Regional de Salud Cusco,14/07/2020,http://rstudio.com
Oficio-014-2020-COC-19-C,REMITE PROPUESTA DE ORDENANZA REGIONAL PARA SU EVALUACIÓN Y PUBLICACIÓN,Consejo Regional de Cusco,14/07/2020,http://rstudio.com
Oficio-015-2020-COC-19-C,SOLICITA CONFORMACIÓN DE COMITÉ DE ÉLITE PARA LA PROVINCIA DE LA CONVENCIÓN Y REUNIÓN DE ASISTENCIA TÉCNICA,Dirección Regional de Salud Cusco,14/07/2020,http://rstudio.com
Oficio-016-2020-COC-19-C,SOLICITA CONFORMACIÓN DE COMISIÓN CIENTÍFICA PARA EVALUACIÓN DE USO DE IVERMECTINA DE MANERA PROFILÁCTICA Y TERAPEUTICA Y PROGRAMACIÓN DE REUNIÓN TÉCNICA EL 14 DE JULIO DEL 2020,Dirección Regional de Salud Cusco,14/07/2020,http://rstudio.com
Oficio-017-2020-COC-19-C,SOLICITA INFORME DE CRONOGRAMA OPTIMIZADO DE INVERSIONES A SU CARGO Y PROYECTOS RELACIONADOS AL SECTOR SALUD,Gerencia Regional de Infraestructura - Gobierno Regional Cusco,10/07/2020,http://rstudio.com
Oficio-018-2020-COC-19-C,SOLICITA REALIZAR INVENTARIADO DE DONACIONES RECIBIDAS,Dirección Regional de Salud Cusco,16/07/2020,http://rstudio.com
Oficio-019-2020-COC-19-C,SOLICITA ELABORAR PROPUESTA DE PLAN DE CENTRO DE DESARROLLO DE COMPETENCIAS COVID,Hospital Regional del Cusco,16/07/2020,http://rstudio.com
Oficio-020-2020-COC-19-C,REITERA RESPUESTA A SITUACIONES REPORTADAS CON CARÁCTER DE URGENTE,Dirección Regional de Salud Cusco,16/07/2020,http://rstudio.com
Oficio-021-2020-COC-19-C,ENCARGA REALIZAR PLAN PARA GARANTIZAR LOS MEDICAMENTOS NECESARIOS PARA LA UNIDAD DE CUIDADOS INTENSIVOS,Dirección Regional de Salud Cusco,16/07/2020,http://rstudio.com
Oficio-022-2020-COC-19-C,SOLICITA INFORMAR SOBRE LOS ACUERDOS DE LA REUNIÓN DEL EQUIPO DE ÉLITE - PROVINCIA LA CONVENCIÓN,Dirección Regional de Salud Cusco,16/07/2020,http://rstudio.com
Oficio-023-2020-COC-19-C,SOLICITA INFORMAR SOBRE LOS ACUERDOS DE LA REUNIÓN DEL EQUIPO DE ÉLITE - PROVINCIA LA CONVENCIÓN,Dirección Regional de Salud Cusco,16/07/2020,http://rstudio.com
Oficio-024-2020-COC-19-C,SOLICITA INFORMAR SOBRE LOS ACUERDOS DE LA REUNIÓN DEL EQUIPO DE ÉLITE - PROVINCIA LA CONVENCIÓN,Dirección Regional de Salud Cusco,16/07/2020,http://rstudio.com
Oficio-025-2020-COC-19-C,SOLICITA CONFORMACIÓN DE COMISIÓN Y PMO PARA LA GESTIÓN DE LA PROVISIÓN, ENVASADO, ALMACENAMIENTO, Y TRANSPORTE Y DISTRIBUCIÓN EN LA PLANTA CACHIMAYO,Gobierno Regional Cusco,16/07/2020,http://rstudio.com
Oficio-026-2020-COC-19-C,SOLICITO ASISTENCIA TECNICA EN LA PRODUCCIÓN LOCAL DE IVERMECTINA EN LA PROVINCIA DE LA CONVENCIÓN,Dirección Regional de Salud Cusco,20/07/2020,http://rstudio.com
Oficio-027-2020-COC-19-C,SOLICITA INFORMAR SOBRE LOS ACUERDOS DE LA REUNIÓN DEL 17 DE JULIO DEL 2020,Comando Covid Indígena,17/07/2020,http://rstudio.com
Oficio-028-2020-COC-19-C,CONVOCA A REUNIÓN EL DÍA MARTES 21 DE JULIO,Comando de Operaciones COVID – Provincia de La Convención,17/07/2020,http://rstudio.com
Oficio-029-2020-COC-19-C,Informa sobre criterios tomados en cuenta para la Cuarentena en la Provincia de La Convención,Congreso de la República,22/07/2020,http://rstudio.com
Oficio-030-2020-COC-19-C,INFORMA SOBRE APROBACIÓN DE CUARENTENA ABSOLUTA EN LOS DISTRITOS DE SANTA ANA, PICHARI, KIMBIRI Y ECHARATE,Municipalidad Provincial de la Convención,20/07/2020,http://rstudio.com
Oficio-031-2020-COC-19-C,SE CONCLUYA GESTIONES ANTE EL GOBIERNO NACIONAL PARA QUE SE AUTORICE LA CUARENTENA ABSOLUTA EN LA PROVINCIA DE LA CONVENCIÓN,Gobierno Regional Cusco,22/07/2020,http://rstudio.com
Oficio-032-2020-COC-19-C,SOLICITA ASUMIR PRESIDENCIA DEL COMANDO VACUNA,Dirección Regional de Salud Cusco,21/07/2020,http://rstudio.com
Oficio-033-2020-COC-19-C,SOLICITA PRESENTAR RECOMENDACIONES PARA IMPLEMENTAR MEDIDAS DE PREVENCIÓN Y CONTROL EN INSTITUCIONES PÚBLICAS,Dirección Regional de Salud Cusco,21/07/2020,http://rstudio.com
Oficio-034-2020-COC-19-C,SOLICITA PRESENTAR INFORME PARA REALIZAR CUARENTENA FOCALIZADA EN LA CIUDAD DEL CUSCO Y RECOMENDACIONES Y/O MEDIDAS PARA DISMINUIR LA INCIDENCIA DE CASOS,Dirección Regional de Salud Cusco,21/07/2020,http://rstudio.com
Oficio-035-2020-COC-19-C,REITERA SOLICITUD DE RETORNO DEL M.C. CARLOS TORRES HUARCAYA EMERGENCIÓLOGO,Ministerio de Salud,22/07/2020,http://rstudio.com
Oficio-036-2020-COC-19-C,REITERA ENTREGA DE EQUIPOS DE SALUD OFRECIDOS,Ministerio de Salud,22/07/2020,http://rstudio.com
Oficio-037-2020-COC-19-C,SOLICITA INFORMAR ACERCA DE GESTIONES PARA LA DECLARATORIA DE CUARENTENA ABSOLUTA EN LA PROVINCIA DE LA CONVENCIÓN,Gobierno Regional Cusco,22/07/2020,http://rstudio.com
Oficio-038-2020-COC-19-C,SOLICITA INFORME SOBRE CONFORMACIÓN DE COMANDO COVID INDÍGENA AMAZÓNICO REGIÓN CUSCO,Gobierno Regional Cusco,22/07/2020,http://rstudio.com
Oficio-039-2020-COC-19-C,RECOMENDACIONES RESPECTO A LAS MEJORAS EN EL PROTOCOLO INTERNO,Gobierno Regional Cusco,22/07/2020,http://rstudio.com
Oficio-040-2020-COC-19-C,SOLICITA AUTORIZACIÓN Y LA GESTIÓN PARA EMISIÓN DE DECRETO REGIONAL PARA CUARENTENA EN PROVINCIA DE LA CONVENCIÓN,Gobierno Regional Cusco,24/07/2020,http://rstudio.com
Oficio-041-2020-COC-19-C,INFORME DE IMPLEMENTACION CON MEDIDAS ADICIONALES DE    ,CUARENTENA INTELIGENTE,Dirección Regional de Salud Cusco,24/07/2020,http://rstudio.com
Oficio-042-2020-COC-19-C,LIDERAR COMISION ,Dirección Regional de Salud Cusco,24/07/2020,http://rstudio.com
Oficio-043-2020-COC-19-C,SOLICITA COORDINACIÓN CON ESSALUD PARA LA IMPLEMENTACIÓN DEL PLAN DE TRABAJO RIQ´CHARI,Dirección Regional de Salud Cusco,24/07/2020,http://rstudio.com
Oficio-044-2020-COC-19-C,SOLICITA COORDINACIÓN CON LOS ALCALDES DISTRITALES PARA LA ELABORACIÓN DEL PLAN DE CONTENCIÓN ECONÓMICO,Gobierno Regional Cusco,24/07/2020,http://rstudio.com
Oficio-045-2020-COC-19-C,SOLICITA COORDINACIÓN CON LOS ALCALDES DISTRITALES PARA LA ELABORACIÓN DEL PLAN DE CONTENCIÓN ECONÓMICO,Gobierno Regional Cusco,24/07/2020,http://rstudio.com
Oficio-046-2020-COC-19-C,INFORME DE IMPLEMENTACION CON MEDIDAS ADICIONALES DE    ,CUARENTENA INTELIGENTE,Gobierno Regional Cusco,24/07/2020,http://rstudio.com
Oficio-047-2020-COC-19-C,INFORME DE IMPLEMENTACION CON MEDIDAS ADICIONALES DE    ,CUARENTENA INTELIGENTE,Gobierno Regional Cusco,24/07/2020,http://rstudio.com
Oficio-048-2020-COC-19-C,SOLICITO CON URGENCIA LA IMPLEMENTACIÓN DE LAS DEMANDAS DE   LA CIUDADANÍA CUSQUEÑA A TRAVÉS DEL COMANDO COVID REGIONAL Y DEL GOBIERNO REGIONAL DEL CUSCO,Presidencia del Consejo de Ministros,24/07/2020,http://rstudio.com
Oficio-049-2020-COC-19-C,SOLICITO CON URGENCIA LA IMPLEMENTACIÓN DE LAS DEMANDAS DE   LA CIUDADANÍA CUSQUEÑA A TRAVÉS DEL COMANDO COVID REGIONAL Y DEL GOBIERNO REGIONAL DEL CUSCO,Ministerio de Salud,24/07/2020,http://rstudio.com
Oficio-050-2020-COC-19-C,SOLICITO CON URGENCIA LA IMPLEMENTACIÓN DE LAS DEMANDAS DE   LA CIUDADANÍA CUSQUEÑA A TRAVÉS DEL COMANDO COVID REGIONAL Y DEL GOBIERNO REGIONAL DEL CUSCO,Presidencia del Consejo de Ministros,24/07/2020,http://rstudio.com
Oficio-051-2020-COC-19-C,SOLICITO CON URGENCIA LA IMPLEMENTACIÓN DE LAS DEMANDAS DE   LA CIUDADANÍA CUSQUEÑA A TRAVÉS DEL COMANDO COVID REGIONAL Y DEL GOBIERNO REGIONAL DEL CUSCO,EsSalud ,24/07/2020,http://rstudio.com
Oficio-052-2020-COC-19-C,SOLICITO CON URGENCIA LA IMPLEMENTACIÓN DE LAS DEMANDAS DE   LA CIUDADANÍA CUSQUEÑA A TRAVÉS DEL COMANDO COVID REGIONAL Y DEL GOBIERNO REGIONAL DEL CUSCO,Comando de Operaciones Covid-19 Nacional,24/07/2020,http://rstudio.com
Oficio-053-2020-COC-19-C,SOLICITA AUTORIZACION DE MOVILIZACION DE UNIDAD VEHICULAR Y TRANSPORTE DE PERSONAS POR RAZONES HUMANITARIAS, INTER PROVINCIAL,Policía Nacional del Perú,24/07/2020,http://rstudio.com
Oficio-054-2020-COC-19-C,SOLICITO REALIZAR SEGUIMIENTO A REQUERIMIENTOS PRESENTADOS POR EL COMANDO DE OPERACIONES CANCHIS,Dirección Regional de Salud Cusco,18/08/2020,http://rstudio.com
Oficio-055-2020-COC-19-C,EXHORTA ESTABILIDAD LABORAL EN EL TRABAJO A LOS EQUIPOS DE RESPUESTA RÁPIDA,Dirección Regional de Salud Cusco,29/07/2020,http://rstudio.com
Oficio-056-2020-COC-19-C,EXHORTA ESTABILIDAD LABORAL EN EL TRABAJO A LOS EQUIPOS DE RESPUESTA RÁPIDA,EsSalud Cusco,29/07/2020,http://rstudio.com
Oficio-057-2020-COC-19-C,SOLICITA FORTALECIMIENTO DE CAMPAÑAS DE COMUNICACIÓN E IMPLEMENTACIÓN DE PLAN DE TRABAJO RIQ'CHARI,Dirección Regional de Salud Cusco,29/07/2020,http://rstudio.com
Oficio-058-2020-COC-19-C,ACCIONES A IMPLEMENTAR,Dirección Regional de Salud Cusco,29/07/2020,http://rstudio.com
Oficio-059-2020-COC-19-C,SOLICITO DETERMINAR FUNCIONES,Gobierno Regional Cusco,29/07/2020,http://rstudio.com
Oficio-060-2020-COC-19-C,ACELERAR PROCESOS ADMINISTRATIVOS Y LEGALES,Dirección Regional de Salud Cusco,29/07/2020,http://rstudio.com
Oficio-061-2020-COC-19-C,ACCIONES A REALIZAR PARA LA COLECTA DE BALONES,Gobierno Regional Cusco,29/07/2020,http://rstudio.com
Oficio-062-2020-COC-19-C,SOLICITA PUBLICACIÓN DE COMUNICADO,Gobierno Regional Cusco,29/07/2020,http://rstudio.com
Oficio-063-2020-COC-19-C,RESPUESTA A INFORMACIÓN SOLICITADA EL DÍA 29 DE JULIO DEL 2020,Gobierno Regional Cusco,30/07/2020,http://rstudio.com
Oficio-064-2020-COC-19-C,REITERA ELABORACIÓN DE PLAN DE CONTINGENCIA PARA IMPLEMENTAR CAMAS DE CUIDADOS INTERMEDIOS EN LOS ANILLOS DE SICUANI, URUBAMBA, ANTA, MEGANTONI, QUILLABAMBA Y CENTROS DE SALUD QUE SE ENCUENTREN DEFINIDOS COMO ANILLOS DE CONTENCIÓN COVID,Dirección Regional de Salud Cusco,30/07/2020,http://rstudio.com
Oficio-065-2020-COC-19-C,ACCIONES A IMPLEMENTAR,Dirección Regional de Salud Cusco,30/07/2020,http://rstudio.com
Oficio-066-2020-COC-19-C,REITERA INFORME DE COMISIÓN CIENTÍFICA PARA EVALUACIÓN DE USO DE IVERMECTINA DE MANERA PROFILÁCTICA Y TERAPEUTICA,Dirección Regional de Salud Cusco,30/07/2020,http://rstudio.com
Oficio-067-2020-COC-19-C,RESPALDO DE AUTORIZACIÓN DE USO DE OXIGENO MEDICINAL,Dirección Regional de Salud Cusco,30/07/2020,http://rstudio.com
Oficio-068-2020-COC-19-C,REITERA POR SEGUNDA VEZ Y PRIMERA LLAMADA DE ATENCIÓN POR INCUMPLIMIENTO SOBRE PROCESOS INCONGRUENTES,Dirección Regional de Salud Cusco,30/07/2020,http://rstudio.com
Oficio-069-2020-COC-19-C,REMITIR INFORME DE DONACIONES RECIBIDAS POR INSTITUCIONES PÚBLICAS Y/O PRIVADAS,Dirección Regional de Salud Cusco,30/07/2020,http://rstudio.com
Oficio-070-2020-COC-19-C,SOLICITA INVENTARIO DE BALONES DE OXIGENO,Dirección Regional de Salud Cusco,30/07/2020,http://rstudio.com
Oficio-071-2020-COC-19-C,REITERO CREACIÓN DE COMISIÓN PARA IMPLEMENTACIÓN DE CENTROS DE AISLAMIENTO  ,,TEMPORAL Y/0 CENTROS PARA-HOSPITALARIOS QUE DISMINUYAN LA CONGESTIÓN ACTUAL DE LOS HOSPITALES  Y SOLICITO INFORME DE AVANCES,Dirección Regional de Salud Cusco,30/07/2020,http://rstudio.com
Oficio-072-2020-COC-19-C,SOLICITA INFORME ACERCA DE GESTIONES REALIZADAS PARA EL RETORNO DEL M.C. CARLOS TORRES HUARCAYA EN SU CALIDAD DE MEDICO ESPECIALISTA,Dirección Regional de Salud Cusco,30/07/2020,http://rstudio.com
Oficio-073-2020-COC-19-C,REITERA PLAN PARA GARANTIZAR LOS MEDICAMENTOS NECESARIOS PARA LA UNIDAD DE CUIDADOS INTENSIVOS,Dirección Regional de Salud Cusco,30/07/2020,http://rstudio.com
Oficio-074-2020-COC-19-C,SOLICITA PRONUNCIAMIENTO SOBRE MEDIDAS ADICIONALES DE RESTRICCIÓN Y DE CONTROL SANITARIO EN LA REGIÓN CUSCO. ( CUARENTENA INTELIGENTE),Dirección Regional de Salud Cusco,30/07/2020,http://rstudio.com
Oficio-075-2020-COC-19-C,REITERA COORDINACIÓN DE COMISIÓN PARA EL INVENTARIO DE EQUIPOS Y EL PLAN DE IMPLEMENTACIÓN EN ÁREAS DE CUIDADOS CRÍTICOS DE ESTABLECIMIENTOS DE SALUD,Dirección Regional de Salud Cusco,30/07/2020,http://rstudio.com
Oficio-076-2020-COC-19-C,SOLICITO INFORME DE AVANCES DE COORDINACIÓN CON LOS ALCALDES DISTRITALES PARA LA ELABORACIÓN DEL PLAN DE CONTENCIÓN ECONÓMICO,Gobierno Regional Cusco,30/07/2020,http://rstudio.com
Oficio-077-2020-COC-19-C,REITERA SOLICITUD DE DESIGNACIÓN DE UN NUEVO PROFESIONAL ,Gobierno Regional Cusco,30/07/2020,http://rstudio.com
Oficio-078-2020-COC-19-C,SOLICITO INFORME DE AVANCES DE CONFORMACIÓN DE COMISIÓN Y ELABORACIÓN DEL PLAN DE CONTENCIÓN ECONÓMICO,Gobierno Regional Cusco,30/07/2020,http://rstudio.com
Oficio-079-2020-COC-19-C,SOLICITA REUNIÓN DE COORDINACIÓN Y REMITE PROPUESTA DE ORDENANZA LINEAMIENTO Y MEDIDAS SANITARIAS PARA REALIZAR CUARENTENA INTELIGENTE Y OTRAS MEDIDAS SANITARIAS ADICIONALES A LAS DISPUESTAS POR EL NIVEL NACIONAL,Consejo Regional de Cusco,31/07/2020,http://rstudio.com
Oficio-080-2020-COC-19-C,RECOMENDACIONES RESPECTO A LOS HORARIOS DE INGRESO Y SALIDA DEL PERSONAL QUE LABORA EN SUS DIFERENTES DEPENDENCIAS,Consejo Regional de Cusco,31/07/2020,http://rstudio.com
Oficio-081-2020-COC-19-C,SOLICITA OPINIÓN LEGAL A PROYECTO DE ORDENANZA REGIONAL QUE APRUEBA LOS LINEAMIENTOS Y MEDIDAS SANITARIAS DE CUARENTENA INTELIGENTE Y OTRAS MEDIDAS SANITARIAS ADICIONALES A LAS DISPUESTAS POR EL NIVEL NACIONAL,Gobierno Regional Cusco,31/07/2020,http://rstudio.com
Oficio-082-2020-COC-19-C,REITERA SOLICITUD DE PRESENCIA DEL COMANDO COVID NACIONAL EN LA REGIÓN DEL CUSCO E IMPLEMENTACIÓN DE LAS DEMANDAS DE LA CIUDADANÍA CUSQUEÑA,Ministerio de Salud,03/08/2020,http://rstudio.com
Oficio-083-2020-COC-19-C,REITERA SOLICITUD DE PRESENCIA DEL COMANDO COVID NACIONAL EN LA REGIÓN DEL CUSCO E IMPLEMENTACIÓN DE LAS DEMANDAS DE LA CIUDADANÍA CUSQUEÑA,Comando de Operaciones Covid-19 Nacional,03/08/2020,http://rstudio.com
Oficio-084-2020-COC-19-C,REMITE PROPUESTA DE ORDENANZA REGIONAL DE LINEAMIENTOS Y MEDIDAS SANITARIAS DE CUARENTENA INTELIGENTE ADICIONALES A LAS DISPUESTAS POR EL NIVEL NACIONAL,Consejo Regional de Cusco,04/08/2020,http://rstudio.com
Oficio-085-2020-COC-19-C,SOLICITA FACILITAR EQUIPO DE SONIDO Y ACCESO A INTERNET CABLEADO PARA CAMPAÑA RESPIRA CUSCO A LLEVARSE A CABO EL 08 DE AGOSTO,Gobierno Regional Cusco,04/08/2020,http://rstudio.com
Oficio-086-2020-COC-19-C,SOLICITA ACLARACIÓN DEL ARTÍCULO 2 DEL DS. 135-2020-PCM,Presidencia del Consejo de Ministros,04/08/2020,http://rstudio.com
Oficio-087-2020-COC-19-C,SOLICITA QUE LA PROVINCIA DEL CUSCO RETORNE A LA FASE 2 DE LA REANUDACIÓN DE ACTIVIDADES ECONÓMICAS DENTRO DEL MARCO DE LA DECLARATORIA DE EMERGENCIA SANITARIA NACIONAL,Presidencia del Consejo de Ministros,04/08/2020,http://rstudio.com
Oficio-088-2020-COC-19-C,SOLICITO CRONOGRAMA DE LA GESTIÓN PRESUPUESTAL    Y  AVANCES,Gobierno Regional Cusco,05/08/2020,http://rstudio.com
Oficio-089-2020-COC-19-C,SOLICITO PRESENTE LOS ALCANCES, ACUERDOS Y PROCESOS  NECESARIOS PARA LA GESTIÓN DE PROVISIÓN DE OXÍGENO,Gobierno Regional Cusco,05/08/2020,http://rstudio.com
Oficio-090-2020-COC-19-C,SOLICITO INFORME DE USO DE PLASMA COMO TRATAMIENTO PARA LAS PERSONAS CON COVID-19,Dirección Regional de Salud Cusco,05/08/2020,http://rstudio.com
Oficio-091-2020-COC-19-C,SOLICITO INFORME SUSTENTATORIO PARA RETORNO A LA FASE 2 DE REACTIVACIÓN ECONÓMICA EN LAS PROVINCIAS DEL CUSCO Y LA CONVENCIÓN,Dirección Regional de Salud Cusco,05/08/2020,http://rstudio.com
Oficio-092-2020-COC-19-C,SOLICITA PRESENTAR PROPUESTA PARA QUE HOTELES FUNCIONEN TEMPORALMENTE COMO CENTROS DE ATENCIÓN TEMPORAL (CATS) DE PACIENTES LEVES E INTERMEDIOS DE BAJO RIESGO,Cámara de Comercio del Cusco,06/08/2020,http://rstudio.com
Oficio-093-2020-COC-19-C,SOLICITA USO TEMPORAL DE PARTE DE LAS INSTALACIONES DE LA UNIVERSIDAD NACIONAL SAN ANTONIO ABAD DEL CUSCO ALEDAÑAS AL HOSPITAL REGIONAL PARA INSTALAR CENTROS DE ATENCIÓN TEMPORAL (CATS) DE PACIENTES COVID,Universidad Nacional San Antonio Abad del Cusco,07/08/2020,http://rstudio.com
Oficio-094-2020-COC-19-C,COMUNICA DESIGNACIÓN DE PROFESIONAL COMO ENLACE DEL COMANDO COVID 19 REGIONAL,Dirección Regional de Salud Cusco,07/08/2020,http://rstudio.com
Oficio-095-2020-COC-19-C,SOLICITA AMPLIACIÓN DE INFORMACIÓN Y REMISIÓN DE PLAN REGIONAL DE REACTIVACIÓN ECONÓMICA,Gobierno Regional Cusco,10/08/2020,http://rstudio.com
Oficio-096-2020-COC-19-C,SOLICITA EVALUACIÓN DE SOLICITUD DE LA MUNICIPALIDAD DISTRITAL DE YUCAY,Dirección Regional de Salud Cusco,10/08/2020,http://rstudio.com
Oficio-097-2020-COC-19-C,SOLICITA EVALUACIÓN DE SOLICITUD DE LA MUNICIPALIDAD PROVINCIAL DE QUISPICANCHI,Dirección Regional de Salud Cusco,10/08/2020,http://rstudio.com
Oficio-098-2020-COC-19-C,SOLICITA REUNIÓN DE COORDINACIÓN EN EL MARCO DE LA RESPONSABILIDAD SOCIAL EMPRESARIAL,Empresa de Generación Eléctrica Machupicchu S.A,11/08/2020,http://rstudio.com
Oficio-099-2020-COC-19-C,REITERA OFRECIMIENTO DE 100 CAMAS INTERMEDIAS Y 10 VENTILADORES MECANICOS A LA REGIÓN CUSCO,EsSalud ,11/08/2020,http://rstudio.com
Oficio-100-2020-COC-19-C,SOLICITA INFORME PORMENORIZADO DE LA SITUACIÓN DE LAS CAMAS UCI, CAMAS INTERMEDIAS, Y CAMAS NO COVID EN LA CLÍNICA O2,EsSalud Cusco,12/08/2020,http://rstudio.com
Oficio-101-2020-COC-19-C,FORTALECER EL COMANDO COVID 19 PROVINCIAL Y DISTRITAL,Dirección Regional de Salud Cusco,11/08/2020,http://rstudio.com
Oficio-102-2020-COC-19-C,REALIZAR EL FORTALECIMIENTO E INTEGRACIÓN DE LA CAMPAÑA DE COMUNICACIÓN,Dirección Regional de Salud Cusco,11/08/2020,http://rstudio.com
Oficio-103-2020-COC-19-C,MEJORAR LOS PROCESOS RELACIONADOS A LA DETECCIÓN DE CASOS POR PRUEBAS MOLECULARES Y RÁPIDAS,Dirección Regional de Salud Cusco,11/08/2020,http://rstudio.com
Oficio-104-2020-COC-19-C,REMITIR INFORMACIÓN,Dirección Regional de Salud Cusco,11/08/2020,http://rstudio.com
Oficio-105-2020-COC-19-C,FORTALECER EL PROCESO DE ATENCIÓN Y TRATAMIENTO EN PUNTOS COVID E INFORMAR DE LOS MISMOS,Dirección Regional de Salud Cusco,11/08/2020,http://rstudio.com
Oficio-106-2020-COC-19-C,SOLICITA FORTALECER EL PROCESO DE CREMACIÓN E INHUMACIÓN,Dirección Regional de Salud Cusco,11/08/2020,http://rstudio.com
Oficio-107-2020-COC-19-C,SOLICITA INCLUIR DATOS ESTADÍSTICOS EN LOS REPORTES SEMANALES DE LA DIRESA,Dirección Regional de Salud Cusco,11/08/2020,http://rstudio.com
Oficio-108-2020-COC-19-C,REALIZAR REUNIÓN DE COORDINACIÓN CON LAS AUTORIDADES SANITARIAS DE LAS FUERZAS ARMADAS Y LA POLÍCIA NACIONAL DEL PERÚ,Dirección Regional de Salud Cusco,11/08/2020,http://rstudio.com
Oficio-109-2020-COC-19-C,"REITERA SOLICITUD PARA QUE LA REGIÓN DEL CUSCO RETORNE A LA FASE 2 DE LA REANUDACIÓN DE ACTIVIDADES ECONÓMICAS Y SE DISPONGA CUARENTENA RÍGIDA 
",Presidencia del Consejo de Ministros,12/08/2020,http://rstudio.com
Oficio-110-2020-COC-19-C,INFORMA SOBRE ENVÍO DOCUMENTO QUE EXHORTA A LA PCM  LA SOLICITUD PARA QUE LA PROVINCIA DEL CUSCO RETORNE A LA FASE 2 DE LA REANUDACIÓN DE ACTIVIDADES ECONÓMICAS DENTRO DEL MARCO DE LA DECLARATORIA DE EMERGENCIA SANITARIA NACIONAL,Gobierno Regional Cusco,12/08/2020,http://rstudio.com
Oficio-111-2020-COC-19-C,SOLICITO CON URGENCIA LA ADQUISICIÓN DE PLANTAS GENERADORAS DE OXÍGENO PARA EL PUEBLO CUSQUEÑO,Ministerio de Salud,15/08/2020,http://rstudio.com
Oficio-112-2020-COC-19-C,PONE EN CONOCIMIENTO SOLICITUD DE CUARENTENA RÍGIDA CON RETORNO A LA FASE 2 DE REACTIVACIÓN ECONÓMICA EN EL DEPARTAMENTO DEL CUSCO,Municipalidad Provincial de Calca,14/08/2020,http://rstudio.com
Oficio-113-2020-COC-19-C,SOLICITO REUNIÓN URGENTE,Gobierno Regional Cusco,14/08/2020,http://rstudio.com
Oficio-114-2020-COC-19-C,SOLICITO INFORME DE CANTIDAD DE BALONES DE OXIGENO EN ,,HOSPITALES Y PROGRAMACIÓN DE COMPRA DE BALONES ,Dirección Regional de Salud Cusco,14/08/2020,http://rstudio.com
Oficio-115-2020-COC-19-C,SOLICITO INFORME SOBRE SITUACIÓN DE LA PLANTA DE OXIGENO EN LA CONVENCIÓN ,Red de Servicios de Salud La Convención,14/08/2020,http://rstudio.com
Oficio-116-2020-COC-19-C,SOLICITO INFORME SOBRE SITUACIÓN DE LA PLANTA DE OXIGENO EN LA CONVENCIÓN ,Red de Servicios de Salud La Convención,14/08/2020,http://rstudio.com
Oficio-117-2020-COC-19-C,REQUERIMIENTO DE BALONES DE OXIGENO ,Arzobispado del Cusco,14/08/2020,http://rstudio.com
Oficio-118-2020-COC-19-C,SOLICITA REMITIR LOS REQUERIMIENTOS TÉCNICOS DE LOS CILINDROS DE OXÍGENO RECARGADOS POR INDUSTRIAS CACHIMAYO S.A.,Industrias Cachimayo S.A,14/08/2020,http://rstudio.com
Oficio-119-2020-COC-19-C,"SOLICITA ATENCIÓN A OFICIOS ENVIADOS CON ANTERIORIDAD Y   
DEMANDAS DE LA CIUDADANÍA CUSQUEÑA REALIZADAS A TRAVÉS DEL COMANDO COVID PARA ENFRENTAR LA PANDEMIA
",Ministerio de Transportes y Comunicaciones,17/08/2020,http://rstudio.com
Oficio-120-2020-COC-19-C,RESPUESTA A SOLICITUD DE PRUEBA DE ANTÍGENOS,Cámara de Comercio del Cusco,19/08/2020,http://rstudio.com
Oficio-121-2020-COC-19-C,"SOLICITA ATENCIÓN A OFICIOS ENVIADOS CON ANTERIORIDAD,   
DEMANDAS DE LA CIUDADANÍA CUSQUEÑA REALIZADAS A TRAVÉS DEL COMANDO COVID PARA ENFRENTAR LA PANDEMIA
",Ministerio de Salud,17/08/2020,http://rstudio.com
Oficio-122-2020-COC-19-C,SOLICITO PRESENTACION DE TABLERO DE MANDO  ,Dirección Regional de Salud Cusco,19/08/2020,http://rstudio.com
Oficio-123-2020-COC-19-C,SOLICITA EVALUAR REQUISITOS Y CARACTERÍSTICAS TÉCNICAS QUE DEBEN CUMPLIR DE LOS CILINDROS DE OXÍGENO A SER ADQUIRIDOS A TRAVÉS DE LA CAMPAÑA RESPIRA CUSCO,Industrias Cachimayo S.A,19/08/2020,http://rstudio.com
Oficio-124-2020-COC-19-C,SOLICITA INFORMACIÓN SOBRE LA EJECUCIÓN PRESUPUESTAL DEL AÑO FISCAL 2020,Dirección Regional de Salud Cusco,19/08/2020,http://rstudio.com
Oficio-125-2020-COC-19-C,SOLICITA EVALUAR LA CONFORMACIÓN DEL COMANDO DE OPERACIONES COVID-19 DEL SUR DEL PERÚ,Gobierno Regional Cusco,26/08/2020,http://rstudio.com
Oficio-126-2020-COC-19-C,SOLICITO EVALUAR ADQUISICIÓN DE TERMOCICLADOR PARA LABORATORIO DE PROCESAMIENTO DE PRUEBAS MOLECULARES,Gobierno Regional Cusco,27/08/2020,http://rstudio.com
Oficio-127-2020-COC-19-C,REMITE MODIFICACIONES A DECRETO REGIONAL DEL COMANDO DE OPERACIONES REGIONAL COVID-19,Gobierno Regional Cusco,27/08/2020,http://rstudio.com
Oficio-128-2020-COC-19-C,SOLICITO APOYO DEL COLEGIO DE BIÓLOGOS PARA FORTALECER LABORATORIOS DE ANÁLISIS DE PRUEBAS MOLECULARES,CONREDE CUSCO,26/08/2020,http://rstudio.com
Oficio-129-2020-COC-19-C,SOLICITO APOYO Y GESTIÓN PARA ADQUISICIÓN DE UN TERMOCICLADOR ,Cámara de Comercio del Cusco,26/08/2020,http://rstudio.com
Oficio-130-2020-COC-19-C,SOLICITA INFORME DE EVALUACIÓN PARA BRINDAR TRATAMIENTO A INTEGRANTES DE FAMILIA   ,Dirección Regional de Salud Cusco,26/08/2020,http://rstudio.com
Oficio-131-2020-COC-19-C,SOLICITA INFORME SOBRE ATENCIÓN A PACIENTES NO COVID-19   ,Dirección Regional de Salud Cusco,26/08/2020,http://rstudio.com
Oficio-132-2020-COC-19-C,FORTALECER MONITOREO Y SEGUIMIENTO CLÍNICO A TRAVÉS DE LOS EQUIPOS DE RESPUESTA RÁPIDA ,Dirección Regional de Salud Cusco,26/08/2020,http://rstudio.com
Oficio-133-2020-COC-19-C,SOLICITA EVALUACIÓN Y RESPUESTA A CARTA N° 010-2020-CIP/IQ-JRCT ,Dirección Regional de Salud Cusco,26/08/2020,http://rstudio.com
Oficio-134-2020-COC-19-C,SOLICITA EVALUAR PETICIÓN DE LA MUNICIPALIDAD DISTRITAL DE POROY Y TOMAR ACCIONES NECESARIAS,Dirección Regional de Salud Cusco,27/08/2020,http://rstudio.com
Oficio-135-2020-COC-19-C,SOLICITO EVALUAR ADQUISICIÓN DE TERMOCICLADOR PARA LABORATORIO DE PROCESAMIENTO DE PRUEBAS MOLECULARES,Gobierno Regional Cusco,27/08/2020,http://rstudio.com
Oficio-136-2020-COC-19-C,SOLICITO REMITIR INFORME PORMENORIZADO DE LAS ACTIVIDADES DE LA CAMPAÑA RESPIRA CUSCO,Gobierno Regional Cusco,27/08/2020,http://rstudio.com
Oficio-137-2020-COC-19-C,REMITO OFICIOS PRESENTADOS A LA DIRECCIÓN REGIONAL DE SALUD CUSCO Y ACTAS DE REUNIÓN DEL COMANDO DE OPERACIONES COVID-19,Dirección Regional de Salud Cusco,27/08/2020,http://rstudio.com
Oficio-138-2020-COC-19-C,REMITE MODIFICACIONES A DECRETO REGIONAL DEL COMANDO DE OPERACIONES REGIONAL COVID-19,Gobierno Regional Cusco,28/08/2020,http://rstudio.com
Oficio-139-2020-COC-19-C,IMPLEMENTACIÓN Y DIFUSIÓN DE LAS MEDIDAS DE PREVENCIÓN RECOMENDADAS POR LA DIRECCIÓN DE INTELIGENCIA SANITARIA Y EPIDEMIOLOGIA,Dirección Regional de Salud Cusco,04/09/2020,http://rstudio.com
Oficio-140-2020-COC-19-C,REMITE OF N° 160-2020-A-MDA Y SOLICITA EVALUAR PETICIÓN DE LA MUNICIPALIDAD DISTRITAL DE ANCAHUASI,Dirección Regional de Salud Cusco,09/09/2020,http://rstudio.com
Oficio-141-2020-COC-19-C,REMITE OFICIO N° 177-2020-A-MDTA Y SOLICITA EVALUAR PETICIÓN DE LA MUNICIPALIDAD DISTRITAL DE TUPAC AMARU,Dirección Regional de Salud Cusco,09/09/2020,http://rstudio.com
Oficio-142-2020-COC-19-C,SOLICITO PRESENTACIÓN DE TABLERO DE MANDO,Dirección Regional de Salud Cusco,10/09/2020,http://rstudio.com
Oficio-143-2020-COC-19-C,CONFORMACIÓN DE UN COMITÉ LIDERADO POR EL COLEGIO DE ANTROPÓLOGOS PARA FORTALECER EL TRABAJO CON LA DIRESA, GOBIERNOS LOCALES, COMUNIDAD Y BARRIOS,Dirección Regional de Salud Cusco,11/09/2020,http://rstudio.com
Oficio-144-2020-COC-19-C,INCREMENTAR DEL NUMERO DE PRUEBAS MOLECULARES REALIZADAS, MEDIANTE UNA RUTA Y PLAN DE TRABAJO TANGIBLES ,Dirección Regional de Salud Cusco,11/09/2020,http://rstudio.com
Oficio-145-2020-COC-19-C,IMPLEMENTACIÓN DEL SOFTWARE DE SEGUIMIENTO GRATUITO  ,Dirección Regional de Salud Cusco,11/09/2020,http://rstudio.com
Oficio-146-2020-COC-19-C,APROBACIÓN DEL INGRESO DE DIRESA CUSCO EN EL PROYECTO DE TRAZABILIDAD,Gobierno Regional Cusco,14/09/2020,http://rstudio.com
Oficio-147-2020-COC-19-C,"DESARROLLO DE LA GUÍA, CUIDADO DE PERSONAL DE SALUD Y AGENTES COMUNITARIOS                                           
",Colegio Médico del Cusco,14/09/2020,http://rstudio.com
Oficio-148-2020-COC-19-C,REALIZAR GESTIONES NECESARIAS PARA BRINDAR SOSTENIBILIDAD EN LA PROVISIÓN DE OXIGENO ,Dirección Regional de Salud Cusco,14/09/2020,http://rstudio.com
Oficio-149-2020-COC-19-C,"SOLICITO REALIZAR GESTIONES NECESARIAS PARA BRINDAR  SOSTENIBILIDAD EN LA PROVISIÓN DE OXIGENO 
",Gobierno Regional Cusco,14/09/2020,http://rstudio.com
Oficio-150-2020-COC-19-C,"SOLICITO REITERATIVAMENTE EL INFORME FINAL DE LA CAMPAÑA  RESPIRA CUSCO 
",CONREDE CUSCO,14/09/2020,http://rstudio.com
Oficio-151-2020-COC-19-C,"RECOMENDACIONES PARA TENER MAYOR PARTICIPACION EN EL MARCO DE LO ESTABLECIDO EN EL DECRETO LEGISLATIVO N° 1489
",Municipalidad Distrital de Megantoni,10/09/2020,http://rstudio.com
Oficio-152-2020-COC-19-C,"SOSTENIBILIDAD FINANCIERA PARA EL FUNCIONAMIENTO DE LOS COMANDOS INDIGENEAS AMAZONICO Y ANDINO   
",Dirección Regional de Salud Cusco,10/09/2020,http://rstudio.com
Oficio-153-2020-COC-19-C,"SOSTENIBILIDAD FINANCIERA PARA EL FUNCIONAMIENTO DE LOS COMANDOS INDIGENEAS AMAZONICO Y ANDINO  
",Gobierno Regional Cusco,14/09/2020,http://rstudio.com
Oficio-154-2020-COC-19-C,"FORTALECER EL PLAN DE COMUNICACIÓN PARA LLEGAR A TODAS LAS PROVINCIAS Y COMUNIDADES ANDINAS Y AMAZONICAS 
",Dirección Regional de Salud Cusco,11/09/2020,http://rstudio.com
Oficio-155-2020-COC-19-C,"REALIZAR VIGILANCIA, SEGUIMIENTO Y FORTALECIMIENTO DEL SISTEMA SANITARIO, IMPLEMENTAR Y FORTALECER MEDIDAS DE RESTRICCION Y SANITARIAS ",Dirección Regional de Salud Cusco,22/09/2020,http://rstudio.com
Oficio-156-2020-COC-19-C,FORTALECER LOS PROTOCOLOS DE TRASLADO INTERPROVINCIAL O INTERDEPARTAMENTAL HACIA LA REGION CUSCO,Dirección Regional de Salud Cusco,22/09/2020,http://rstudio.com
Oficio-157-2020-COC-19-C,POSIBILIDAD DE LOS REBROTES, EN CASOS DE UNA POBLACIÓN DE MENORES DE EDAD, ANTE EL INICIO DE ACTIVIDAD Y MOVILIDAD Y LA IMPLEMENTACIÓN ANTICIPADA DE CAMAS UCI PEDIÁTRICA O TRATAMIENTO PEDIÁTRICO ,Dirección Regional de Salud Cusco,22/09/2020,http://rstudio.com
Oficio-158-2020-COC-19-C,INFORMACIÓN SINCERA Y CONSISTENTE DE DATOS CON EL NIVEL NACIONAL,Dirección Regional de Salud Cusco,22/09/2020,http://rstudio.com
Oficio-159-2020-COC-19-C,ESTUDIOS GENÉTICOS DE INVESTIGACIÓN DEL COVID-19 ,Dirección Regional de Salud Cusco,22/09/2020,http://rstudio.com
Oficio-160-2020-COC-19-C,ACTIVAR EL COMITÉ CIENTÍFICO CONSULTIVO CON LA PARTICIPACIÓN DE EPIDEMIÓLOGOS E INFECTOLOGOS  ,Dirección Regional de Salud Cusco,22/09/2020,http://rstudio.com
Oficio-161-2020-COC-19-C,EVALUACIÓN DE LA INFORMACIÓN DE CAMAS INTERMEDIAS Y UCI EN LA DIRECCIÓN DE SALUD ,Dirección Regional de Salud Cusco,22/09/2020,http://rstudio.com
Oficio-162-2020-COC-19-C,FORTALECER LA ATENCIÓN PRIMARIA Y LA GESTIÓN HOSPITALARIA EN FUNCIÓN A LA INFORMACIÓN CIENTÍFICA DISPONIBLE ,Dirección Regional de Salud Cusco,22/09/2020,http://rstudio.com
Oficio-163-2020-COC-19-C,INCLUIR INTEGRANTES EN PROPUESTA DE RECONFORMACIÓN DE COMITÉ CONSULTIVO ,Dirección Regional de Salud Cusco,28/09/2020,http://rstudio.com
Oficio-164-2020-COC-19-C,"SOLICITA EVALUAR LA CONFORMACIÓN DEL COMANDO DE  OPERACIONES COVID-19 DEL SUR DEL PERÚ
",Gobierno Regional Cusco,24/09/2020,http://rstudio.com
Oficio-165-2020-COC-19-C,"EVALUACION Y ATENCION AL DOCUMENTO “CAMPAÑA RESPIRA  CCATCCA” 
",Dirección Regional de Salud Cusco,24/09/2020,http://rstudio.com
Oficio-166-2020-COC-19-C,RECOMENDACIONES Y REPORTE SOBRE IMPLEMENTACION PARA EL                                           SUMINISTRO DE OXIGENO,Dirección Regional de Salud Cusco,22/09/2020,http://rstudio.com
Oficio-167-2020-COC-19-C,RESPUESTA A INFORMACION SOLICITADA, RECOMENDACIONES SOBRE IMPLEMENTACION PARA EL SUMINISTRO DE OXIGENO REMITIDO A DIRESA,Defensoría del Pueblo,22/09/2020,http://rstudio.com
Oficio-168-2020-COC-19-C,INVITA A REUNIÓN ORDINARIA DEL COMANDO COVID,Colegio de Biólogos del Perú ,28/09/2020,http://rstudio.com
Oficio-169-2020-COC-19-C,REMITE MANUAL DE MEDIDAS DE PREVENCIÓN PARA VOLVER A CASA DESPUÉS DE LA JORNADA LABORAL DEL PERSONAL DE SALUD Y AGENTES COMUNITARIOS,Gobierno Regional Cusco,28/09/2020,http://rstudio.com
Oficio-170-2020-COC-19-C,SOLICITA CONVOCAR A REUNIÓN DE TRABAJO CON EL COLEGIO DE ANTROPÓLOGOS Y COLEGIO DE MÉDICOS,Dirección Regional de Salud Cusco,05/10/2020,http://rstudio.com
Oficio-171-2020-COC-19-C,SOLICITA CONVOCAR A REUNIÓN DE TRABAJO PARA FORMALIZAR EL PROCESO DE ENTREGA DE BALONES DE OXÍGENO ,Dirección Regional de Salud Cusco,05/10/2020,http://rstudio.com
Oficio-172-2020-COC-19-C,SOLICITA CONVOCAR A REUNIÓN DE TRABAJO PARA IMPULSAR IMPLEMENTACIÓN DE LABORATORIO REGIONAL DE BIOLOGÍA MOLECULAR,Dirección Regional de Salud Cusco,05/10/2020,http://rstudio.com
Oficio-173-2020-COC-19-C,SOLICITA PRESENTAR PLAN DE TRABAJO DE PROCESO DE VACUNACIÓN COVID,Dirección Regional de Salud Cusco,05/10/2020,http://rstudio.com
Oficio-174-2020-COC-19-C,SOLICITA EVALUAR LA CONFORMACIÓN DEL COMANDO DE OPERACIONES COVID-19 MACRO REGIÓN SUR,Mancomunidad Regional Macro Región Sur,06/10/2020,http://rstudio.com
Oficio-175-2020-COC-19-C,SOLICITA APOYO CON MAESTRO DE CEREMONIA, FOTÓGRAFO, TRANSMISIÓN EN VIVO Y CONVOCATORIA A MEDIOS DE PRENSA PARA EL DÍA VIERNES 09 DE OCTUBRE EN CONFERENCIA DE PRENSA DE CIERRE DE CAMPAÑA RESPIRA CUSCO – PALACIO ARZOBISPAL,Gobierno Regional Cusco,08/10/2020,http://rstudio.com
Oficio-176-2020-COC-19-C,SOLICITA PRESENTAR PLAN ESTRATÉGICO DE VACUNACIÓN COVID PARA LA REGIÓN CUSCO EN REUNIÓN ORDINARIA ,Dirección Regional de Salud Cusco,19/10/2020,http://rstudio.com
Oficio-177-2020-COC-19-C,SOLICITA PRESENTAR PLAN DE IMPLEMENTACIÓN DE CAMAS UCI INTERMEDIAS Y PUNTOS COVID,Dirección Regional de Salud Cusco,19/10/2020,http://rstudio.com
Oficio-178-2020-COC-19-C,SOLICITA PRESENTAR PLAN DE MEJORA DE GESTIÓN HOSPITALARIA PARA PACIENTES COVID Y NO COVID,Dirección Regional de Salud Cusco,19/10/2020,http://rstudio.com
Oficio-179-2020-COC-19-C,SOLICITA ACREDITACIÓN DE REPRESENTANTE DE CONREDE ANTE EL COMANDO DE OPERACIONES COVID-19,CONREDE CUSCO,03/11/2020,http://rstudio.com
Oficio-180-2020-COC-19-C,SOLICITA ACREDITACIÓN DE REPRESENTANTE ANTE EL COMANDO DE OPERACIONES COVID-19,EsSalud Cusco,04/11/2020,http://rstudio.com
Oficio-181-2020-COC-19-C,CONVOCA A REUNIÓN DE URGENCIA COMANDO DE OPERACIONES COVID,EsSalud Cusco,04/11/2020,http://rstudio.com
Oficio-182-2020-COC-19-C,EVALUACIÓN Y ATENCIÓN A SOLICITUD DE LA UNIVERSIDAD NACIONAL SAN ANTONIO ABAD DEL CUSCO,Dirección Regional de Salud Cusco,06/11/2020,http://rstudio.com
Oficio-183-2020-COC-19-C,CONVOCA A REUNIÓN TÉCNICA CON COMISIÓN DEL COMANDO DE OPERACIONES COVID,Gobierno Regional Cusco,06/11/2020,http://rstudio.com
Oficio-184-2020-COC-19-C,SOLICITA DEVOLUCIÓN INMEDIATA DE BALONES DE OXÍGENO A EMPRESA OXÍMAN COMERCIAL S.A.C. CUSCO,EsSalud Cusco,12/11/2020,http://rstudio.com
Oficio-185-2020-COC-19-C,SOLICITA DEVOLUCIÓN DE BALONES DE OXÍGENO A LA EMPRESA OXÍMAN COMERCIAL S.A.C. Y EN PLAZO DE 72 HORAS ENVIAR DE RETORNO EL PRESUPUESTO A LAS CUENTAS DEL ARZOBISPADO,EsSalud Cusco,23/11/2020,http://rstudio.com
Oficio-186-2020-COC-19-C,SOLICITA PARTICIPACIÓN ACTIVA EN LAS REUNIONES CONVOCADAS POR EL COMITÉ DE ARTICULACIÓN DEL COMANDO DE OPERACIONES REGIONAL COVID-19,Gobierno Regional Cusco,25/11/2020,http://rstudio.com
Oficio-187-2020-COC-19-C,"SOLICITA ACTUALIZACIÓN DE SEMÁFORO COVID E INCORPORACIÓN  EN PRESENTACIONES DE LA SALA SITUACIONAL COVID
",Dirección Regional de Salud Cusco,25/11/2020,http://rstudio.com
Oficio-188-2020-COC-19-C,REITERA DEVOLUCIÓN INMEDIATA DE BALONES DE OXÍGENO A EMPRESA OXÍMAN COMERCIAL S.A.C. CUSCO,EsSalud Cusco,25/11/2020,http://rstudio.com
Oficio-189-2020-COC-19-C,SOLICITA CONFORMIDAD DE DONACIÓN DE OXÍGENO MEDICINAL CORRESPONDIENTE A LOS MESES DE AGOSTO, SETIEMBRE Y OCTUBRE DEL 2020 DONADOS POR INDUSTRIAS CACHIMAYO S.A.,Dirección Regional de Salud Cusco,03/12/2020,http://rstudio.com
Oficio-190-2020-COC-19-C,SOLICITA ELABORAR INFORME DETALLADO DE LA SITUACIÓN DE LOS BALONES DE OXÍGENO DONADOS EN EL MARCO DE LA CAMPAÑA RESPIRA CUSCO,Dirección Regional de Salud Cusco,03/12/2020,http://rstudio.com
Oficio-191-2020-COC-19-C,SOLICITA REMITIR LOS REQUERIMIENTOS DE EQUIPOS Y/O INSTRUMENTOS PARA ENFRENTAR LA PANDEMIA,EsSalud Cusco,03/12/2020,http://rstudio.com
Oficio-192-2020-COC-19-C,SOLICITA REMITIR PLAN DE CONTINGENCIA E INCLUIR INVENTARIO FINAL DE BALONES DE OXÍGENO Y PROCESOS DE ASEGURAMIENTO Y PROVISIÓN DE OXÍGENO,Dirección Regional de Salud Cusco,07/12/2020,http://rstudio.com
Oficio-193-2020-COC-19-C,SOLICITA REMITIR PLAN ESTRATÉGICO DE VACUNACIÓN COVID PARA LA REGIÓN CUSCO E INCLUIR DEMANDA DE PRESUPUESTO ADICIONAL PARA SU EJECUCIÓN,Dirección Regional de Salud Cusco,07/12/2020,http://rstudio.com
Oficio-194-2020-COC-19-C,SOLICITA INFORMACIÓN SOBRE ESTADO SITUACIONAL DE LAS PLANTAS DE OXÍGENO, CRONOGRAMA DE INSTALACIÓN Y CAPACIDAD DE PRODUCCIÓN POR DÍA,Dirección Regional de Salud Cusco,14/12/2020,http://rstudio.com
Oficio-195-2020-COC-19-C,SOLICITA INCLUIR LA DISPONIBILIDAD DE INSUMOS ESTRATÉGICOS POR UNIDAD EJECUTORA EN EL INFORME EPIDEMIOLÓGICO SEMANAL,Dirección Regional de Salud Cusco,14/12/2020,http://rstudio.com
Oficio-196-2020-COC-19-C,REITERA PRESENTAR INFORME DETALLADO DE PLAN DE VACUNACIÓN COVID,Dirección Regional de Salud Cusco,14/12/2020,http://rstudio.com
Oficio-197-2020-COC-19-C,SOLICITA REMITIR INFORME DE AVANCES DEL COMITÉ DE GESTIÓN HOSPITALARIA O QUIEN HAGA DE SUS VECES,Dirección Regional de Salud Cusco,14/12/2020,http://rstudio.com
Oficio-198-2020-COC-19-C,SOLICITA REMITIR INFORME SOBRE EL FORTALECIMIENTO DE LA CAPACIDAD DE DIÁGNOSTICO OPORTUNO,Dirección Regional de Salud Cusco,14/12/2020,http://rstudio.com
Oficio-199-2020-COC-19-C,SOLICITA REMITIR INFORME SOBRE LA GESTIÓN REALIZADA ANTE EL NIVEL NACIONAL PARA LA DOTACIÓN DE PRUEBAS DE ANTÍGENOS A LA REGIÓN DEL CUSCO,Dirección Regional de Salud Cusco,14/12/2020,http://rstudio.com
Oficio-200-2020-COC-19-C,SOLICITA REMITIR INFORME DETALLADO ACERCA DEL FORTALECIMIENTO DEL SEGUIMIENTO Y GESTIÓN DE CONTACTOS,Dirección Regional de Salud Cusco,14/12/2020,http://rstudio.com
Oficio-201-2020-COC-19-C,SOLICITA REMITIR INFORME DETALLADO DEL SISTEMA DE REFERENCIA Y CONTRAREFERENCIA COVID EN LOS TRES NIVELES DE ATENCIÓN,Dirección Regional de Salud Cusco,14/12/2020,http://rstudio.com
Oficio-202-2020-COC-19-C,SOLICITA REMITIR INFORME DETALLADO ACERCA DE LA IMPLEMENTACIÓN DEL SAMU REGIONAL Y/O EQUIPOS DE RESPUESTA DE EMERGENCIA MÉDICA ANTE EL COVID-19,Dirección Regional de Salud Cusco,14/12/2020,http://rstudio.com
Oficio-203-2020-COC-19-C,REITERA PRESENTAR INFORME DETALLADO DE LA SITUACIÓN DE LOS BALONES DE OXÍGENO DONADOS EN EL MARCO DE LA CAMPAÑA RESPIRA CUSCO,Dirección Regional de Salud Cusco,14/12/2020,http://rstudio.com
Oficio-204-2020-COC-19-C,REITERA PRESENTAR INFORME DETALLADO DE LA SITUACIÓN DE LOS BALONES DE OXÍGENO DONADOS EN EL MARCO DE LA CAMPAÑA RESPIRA CUSCO,Dirección Regional de Salud Cusco,17/12/2020,http://rstudio.com
Oficio-205-2020-COC-19-C,EXTRAÑEZA POR INASISTENCIA A REUNIONES DEL COMANDO DE OPERACIONES COVID,EsSalud Cusco,17/12/2020,http://rstudio.com
Oficio-206-2020-COC-19-C,SOLICITA CONFIRMAR REQUERIMIENTO Y ACTUALIZAR PETICIÓN DE NECESIDADES DE EQUIPAMIENTO Y/O OTROS ANTE UN POSIBLE REBROTE COVID-19,EsSalud Cusco,17/12/2020,http://rstudio.com
Oficio-207-2020-COC-19-C,REMITE PLAN DE PREPARACIÓN Y RESPUESTA ANTE POSIBLE SEGUNDA OLA PANDÉMICA POR COVID-19 EN LA REGIÓN CUSCO Y PLAN DE MEDIANO PLAZO DEL COMANDO DE OPERACIONES COVID,Ministerio de Salud,21/12/2020,http://rstudio.com
Oficio-208-2020-COC-19-C,SOLICITA PROMULGAR LA ORDENANZA REGIONAL N° 179-2020/CR/GR-CUSCO QUE DISPONE EL USO OBLIGATORIO DE ESCUDOS Y/O PROTECTORES FACIALES,Gobierno Regional Cusco,17/12/2020,http://rstudio.com
Oficio-209-2020-COC-19-C,SOLICITA QUE,  EN EL MARCO DE UNA DISTRIBUCIÓN EQUITATIVA, SE INCLUYA A CIUDADANOS CUSQUEÑOS EN EL PROCESO DE VACUNACIÓN ,Ministerio de Salud,18/12/2020,http://rstudio.com
Oficio-210-2020-COC-19-C,SOLICITA INFORME TÉCNICO A PROPUESTA DE RESOLUCIÓN EJECUTIVA REGIONAL QUE APRUEBA EL PLAN DE MEDIANO PLAZO DEL COMANDO COVID-19 REGIÓN CUSCO,Dirección Regional de Salud Cusco,21/12/2020,http://rstudio.com
Oficio-211-2020-COC-19-C,SOLICITA AMPLIACIÓN DE CONVENIO ENTRE EL GOBIERNO REGIONAL CUSCO E INDUSTRIA CACHIMAYO,Industrias Cachimayo S.A,21/12/2020,http://rstudio.com
Oficio-212-2020-COC-19-C,REMITE REQUERIMIENTO DE EQUIPOS Y/O INSTRUMENTOS PRESENTADO POR EL SEGURO SOCIAL – ESSALUD CUSCO,Arzobispado del Cusco,28/12/2020,http://rstudio.com
Oficio-213-2020-COC-19-C,REMITE SOLICITUD DE AMPLIACIÓN DE ADENDA AL CONVENIO PRESENTADA POR ESSALUD CUSCO,Industrias Cachimayo S.A,28/12/2020,http://rstudio.com
Oficio-214-2020-COC-19-C,REMITE CARTA DE AGRADECIMIENTO POR EL EXCELENTE TRABAJO REALIZADO EN EL COMANDO DE OPERACIONES COVID-19 REGIÓN CUSCO,Junta de Fiscales Superiores del distrito Fiscal del Cusco,30/12/2020,http://rstudio.com
Oficio-215-2020-COC-19-C,SOLICITA REALIZAR VIGILANCIA Y EXHORTAR A LOS GOBIERNOS LOCALES A CUMPLIR CON LOS PROTOCOLOS DE SALUD ESTABLECIDOS EN EL MARCO DE SUS COMPETENCIAS,Junta de Fiscales Superiores del distrito Fiscal del Cusco,30/12/2020,http://rstudio.com
Oficio-216-2020-COC-19-C,REITERA POR TERCERA VEZ CONSECUTIVA PRESENTAR INFORME DETALLADO DE LA SITUACIÓN DE LOS BALONES DE OXÍGENO DONADOS EN EL MARCO DE LA CAMPAÑA RESPIRA CUSCO ,Dirección Regional de Salud Cusco,30/12/2020,http://rstudio.com
Oficio-217-2020-COC-19-C,SOLICITA REALIZAR UNA ALERTA EPIDEMIOLÓGICA Y REFORZAR LOS MECANISMOS DE INFORMACIÓN Y COMUNICACIÓN,Dirección Regional de Salud Cusco,30/12/2020,http://rstudio.com
Oficio-218-2020-COC-19-C,REMITE CARTA DE AGRADECIMIENTO POR EL EXCELENTE TRABAJO REALIZADO EN EL COMANDO DE OPERACIONES COVID-19 REGIÓN CUSCO,Cámara de Comercio del Cusco,04/01/2021,http://rstudio.com
Oficio-001-2021-COC-19-C,SOLICITA ACREDITACIÓN DE REPRESENTANTE ANTE EL COMANDO DE OPERACIONES COVID-19,Ejercito del Perú,05/01/2021,http://rstudio.com
Oficio-002-2021-COC-19-C,SOLICITA ACREDITACIÓN DE REPRESENTANTE ANTE EL COMANDO DE OPERACIONES COVID-19,Junta de Fiscales Superiores del Distrito Fiscal del Cusco,05/01/2021,http://rstudio.com
Oficio-003-2021-COC-19-C,SOLICITA ACREDITACIÓN DE REPRESENTANTE ANTE EL COMANDO DE OPERACIONES COVID-19,Cámara de Comercio del Cusco,05/01/2021,http://rstudio.com
Oficio-004-2021-COC-19-C,SOLICITA RESGUARDAR LA LLEGADA DE LOS INSUMOS ESTRATÉGICOS A LOS DIFERENTES CENTROS HOSPITALARIOS ANTE LA POSIBILIDAD DE PROTESTAS,Ejercito del Perú,05/01/2021,http://rstudio.com
Oficio-005-2021-COC-19-C,REMITE INFORME RESPECTO A DONACIÓN DE BALONES DE OXÍGENO,Arzobispado del Cusco,04/01/2021,http://rstudio.com
Oficio-006-2021-COC-19-C,SOLICITA ASIGNAR VACUNAS PARA LA REGIÓN DEL CUSCO Y BRINDAR ASISTENCIA TÉCNICA A LA GERESA CUSCO PARA SU PRONTA DISTRIBUCIÓN,Ministerio de Salud,08/01/2021,http://rstudio.com
Oficio-007-2021-COC-19-C,SOLICITA PRESENTAR PLAN DE VACUNACIÓN COVID ACTUALIZADO,Gerencia Regional de Salud Cusco,11/01/2021,http://rstudio.com
Oficio-008-2021-COC-19-C,SOLICITA REMITIR INFORME ACERCA DE SITUACIÓN DE LA OFERTA DE UNIDADES DE CUIDADOS INTENSIVOS,Gerencia Regional de Salud Cusco,08/01/2021,http://rstudio.com
Oficio-009-2021-COC-19-C,SOLICITA REMITIR INFORME SOBRE AVANCES PARA LA AMPLIACIÓN DE ADENDA AL CONVENIO CON INDUSTRIAS CACHIMAYO S.A,Gerencia Regional de Salud Cusco,11/01/2021,http://rstudio.com
Oficio-010-2021-COC-19-C,SOLICITO PRESENTAR CRONOGRAMA DE ENTREGA DE IOARR ACTUALIZADO PARA EL AÑO 2021 EN EL MARCO DE LA PANDEMIA E INVITA A REUNIÓN PRESENCIAL DEL COMANDO COVID ,Gobierno Regional Cusco,08/01/2021,http://rstudio.com
Oficio-011-2021-COC-19-C,SOLICITO PRESENTAR INFORME DE DISPONIBILIDAD DE INSUMOS ESTRATÉGICOS ANTE UNA POSIBLE SEGUNDA OLA,Gerencia Regional de Salud Cusco,08/01/2021,http://rstudio.com
Oficio-012-2021-COC-19-C,SOLICITO PRESENTAR INFORME DE TRABAJO REALIZADO CON LOS COMANDOS COVID INDIGENA Y AMAZÓNICO Y ENTREGA DE OXIMETROS Y TERMOMETROS A COMUNIDADES DE LA REGIÓN CUSCO,Gerencia Regional de Salud Cusco,08/01/2021,http://rstudio.com
Oficio-013-2021-COC-19-C,SOLICITA REMITIR PLAN DE COMUNICACIÓN Y DE VIGILANCIA COMUNITARIA ACTUALIZADO AL AÑO 2021,Gerencia Regional de Salud Cusco,08/01/2021,http://rstudio.com
Oficio-014-2021-COC-19-C,SOLICITA REMITIR INFORME DE ACCIONES LLEVADAS A CABO ANTE EL NIVEL NACIONAL PARA GARANTIZAR LA CONTINUIDAD DEL PERSONAL COVID,Gerencia Regional de Salud Cusco,08/01/2021,http://rstudio.com
Oficio-015-2021-COC-19-C,SOLICITA INCORPORACIÓN DE NUEVOS MIEMBROS Y RATIFICACIÓN DE INTEGRANTES ACTUALES DEL COMANDO DE OPERACIONES COVID-19 REGIÓN CUSCO,Gobierno Regional Cusco,13/01/2021,http://rstudio.com
Oficio-016-2021-COC-19-C,SOLICITA ELABORAR PROPUESTA DE ORDENANZA REGIONAL PARA POSIBILITAR LA TOMA DE PRUEBAS ANTÍGENO Y/O MOLECULARES A LOS PASAJEROS QUE INGRESEN A LA CIUDAD DE CUSCO POR VÍA AÉREA O TERRESTRE,Gerencia Regional de Salud Cusco,14/01/2021,http://rstudio.com
Oficio-017-2021-COC-19-C,SOLICITA AUTORIZAR EL USO DEL AUDITORIO DE ESSALUD CUSCO PARA REALIZAR REUNIÓN DE INTENSIVISTAS DE LA REGIÓN CUSCO,EsSalud Cusco,14/01/2021,http://rstudio.com
Oficio-018-2021-COC-19-C,INSTA A REQUERIR EL PADRÓN DE BENEFICIARIOS DE PENSIÓN 65 Y EL PADRÓN DEL SISFOH A MUNICIPALIDADES PROVINCIALES DE LA REGIÓN,Gerencia Regional de Salud Cusco,14/01/2021,http://rstudio.com
Oficio-019-2021-COC-19-C,SOLICITA MAESTRO DE CEREMONIAS PARA JURAMENTACIÓN DEL COMANDO DE OPERACIONES COVID-19 REGIÓN CUSCO,Gerencia Regional de Salud Cusco,15/01/2021,http://rstudio.com
Oficio-020-2021-COC-19-C,INVITA A REUNIÓN DE COORDINACIÓN,Policía Nacional del Perú,20/01/2021,http://rstudio.com
